date,pce,pop,psavert,uempmed,unemploy
01/07/1967,506.7,198712,12.6,4.5,2944
01/08/1967,509.8,198911,12.6,4.7,2945
01/09/1967,515.6,199113,11.9,4.6,2958
01/10/1967,512.2,199311,12.9,4.9,3143
01/11/1967,517.4,199498,12.8,4.7,3066
01/12/1967,525.1,199657,11.8,4.8,3018
01/01/1968,530.9,199808,11.7,5.1,2878
01/02/1968,533.6,199920,12.3,4.5,3001
01/03/1968,544.3,200056,11.7,4.1,2877
01/04/1968,544,200208,12.3,4.6,2709
01/05/1968,549.8,200361,12,4.4,2740
01/06/1968,556.3,200536,11.7,4.4,2938
01/07/1968,563.2,200706,10.7,4.5,2883
01/08/1968,567,200898,10.5,4.2,2768
01/09/1968,568.2,201095,10.6,4.6,2686
01/10/1968,571.6,201290,10.8,4.8,2689
01/11/1968,576.7,201466,10.6,4.4,2715
01/12/1968,576.5,201621,11.1,4.4,2685
01/01/1969,583.5,201760,10.3,4.4,2718
01/02/1969,588.7,201881,9.7,4.9,2692
01/03/1969,588.9,202023,10.2,4,2712
01/04/1969,593.9,202161,9.7,4,2758
01/05/1969,600.3,202331,10.1,4.2,2713
01/06/1969,600.9,202507,11.1,4.4,2816
01/07/1969,602.7,202677,11.8,4.4,2868
01/08/1969,609.9,202877,11.5,4.4,2856
01/09/1969,613.2,203090,11.6,4.7,3040
01/10/1969,618.5,203302,11.4,4.5,3049
01/11/1969,620.5,203500,11.6,4.8,2856
01/12/1969,622.8,203675,11.8,4.6,2884
01/01/1970,628.7,203849,11.8,4.6,3201
01/02/1970,634,204008,11.7,4.5,3453
01/03/1970,632.3,204156,12.4,4.6,3635
01/04/1970,636,204401,13.3,4.1,3797
01/05/1970,642.4,204607,12.4,4.7,3919
01/06/1970,646.3,204830,12.3,4.9,4071
01/07/1970,648.5,205052,13.5,5.1,4175
01/08/1970,652.9,205295,13.4,5.4,4256
01/09/1970,659.1,205540,12.9,5.2,4456
01/10/1970,658.3,205788,13.1,5.2,4591
01/11/1970,656.6,206024,13.6,5.6,4898
01/12/1970,665.6,206238,13.2,5.9,5076
01/01/1971,676.1,206466,13.3,6.2,4986
01/02/1971,679.4,206668,13.3,6.3,4903
01/03/1971,682,206855,13.5,6.4,4987
01/04/1971,688.8,207065,13.2,6.5,4959
01/05/1971,691.1,207260,13.6,6.7,4996
01/06/1971,699.8,207462,14.7,5.7,4949
01/07/1971,698.9,207661,13.8,6.2,5035
01/08/1971,704.9,207881,13.6,6.4,5134
01/09/1971,713,208114,13.3,5.8,5042
01/10/1971,715.8,208345,13.3,6.5,4954
01/11/1971,720.9,208555,13.1,6.4,5161
01/12/1971,728.4,208740,13,6.2,5154
01/01/1972,731.5,208917,12.5,6.2,5019
01/02/1972,736.2,209061,12.8,6.6,4928
01/03/1972,749.2,209212,11.8,6.6,5038
01/04/1972,752.5,209386,11.5,6.7,4959
01/05/1972,758,209545,11.7,6.6,4922
01/06/1972,761.6,209725,11.7,5.4,4923
01/07/1972,769.9,209896,11.7,6.1,4913
01/08/1972,776.3,210075,12,6,4939
01/09/1972,781.1,210278,12.2,5.6,4849
01/10/1972,794.9,210479,13,5.7,4875
01/11/1972,800.5,210656,13.6,5.7,4602
01/12/1972,806.1,210821,13.7,6.1,4543
01/01/1973,816.5,210985,12.4,5.7,4326
01/02/1973,825.8,211120,12.5,5.2,4452
01/03/1973,832.8,211254,12.7,5.5,4394
01/04/1973,835.7,211420,13.2,5,4459
01/05/1973,841.6,211577,13.2,4.9,4329
01/06/1973,844.3,211746,13.6,5,4363
01/07/1973,854.1,211909,13.2,5.2,4305
01/08/1973,853.3,212092,13.9,4.9,4305
01/09/1973,869.2,212289,13.1,5.4,4350
01/10/1973,868.2,212475,14.4,5.5,4144
01/11/1973,876.9,212634,14.4,5.1,4396
01/12/1973,876.6,212785,14.8,4.7,4489
01/01/1974,884.5,212932,14.3,5,4644
01/02/1974,889.7,213074,14.2,5.1,4731
01/03/1974,901.4,213211,13.4,4.8,4634
01/04/1974,910.8,213361,13.1,5,4618
01/05/1974,922.4,213513,12.8,4.6,4705
01/06/1974,928,213686,12.8,5.3,4927
01/07/1974,937.9,213854,12.8,5.7,5063
01/08/1974,954.8,214042,12.1,5,5022
01/09/1974,955.1,214246,12.9,5.3,5437
01/10/1974,959.2,214451,13.4,5.5,5523
01/11/1974,956.2,214625,13.8,5.2,6140
01/12/1974,961.8,214782,14,5.7,6636
01/01/1975,975.6,214931,13.2,6.3,7501
01/02/1975,989.4,215065,12.5,7.1,7520
01/03/1975,990.6,215198,12.7,7.2,7978
01/04/1975,995,215353,14.2,8.7,8210
01/05/1975,1018.9,215523,17.3,9.4,8433
01/06/1975,1026.8,215768,14.3,8.8,8220
01/07/1975,1039.8,215973,12.6,8.6,8127
01/08/1975,1047,216195,13,9.2,7928
01/09/1975,1054.8,216393,13,9.2,7923
01/10/1975,1060.9,216587,13.4,8.6,7897
01/11/1975,1075.8,216771,12.7,9.5,7794
01/12/1975,1092.1,216931,12,9,7744
01/01/1976,1107.1,217095,11.7,9,7534
01/02/1976,1107.7,217249,12.3,8.2,7326
01/03/1976,1114.9,217381,12.2,8.7,7230
01/04/1976,1125.4,217528,11.7,8.2,7330
01/05/1976,1122.7,217685,12.3,8.3,7053
01/06/1976,1140.5,217861,11.4,7.8,7322
01/07/1976,1149.6,218035,11.7,7.7,7490
01/08/1976,1158,218233,11.7,7.9,7518
01/09/1976,1168.8,218440,11.4,7.8,7380
01/10/1976,1176.8,218644,11.1,7.7,7430
01/11/1976,1189,218834,11.4,8.4,7620
01/12/1976,1211.5,219006,10.6,8,7545
01/01/1977,1215,219179,10.6,7.5,7280
01/02/1977,1231.3,219344,9.3,7.2,7443
01/03/1977,1238.3,219504,10.5,7.2,7307
01/04/1977,1247.3,219684,10.5,7.3,7059
01/05/1977,1257.1,219859,10.3,7.9,6911
01/06/1977,1263.6,220046,10.6,6.2,7134
01/07/1977,1280.5,220239,10.5,7.1,6829
01/08/1977,1285.7,220458,10.9,7,6925
01/09/1977,1294.5,220688,11.1,6.7,6751
01/10/1977,1311.4,220904,11,6.9,6763
01/11/1977,1327,221109,11.2,7,6815
01/12/1977,1336,221303,11.4,6.8,6386
01/01/1978,1329.5,221477,11.9,6.5,6489
01/02/1978,1355.1,221629,11.1,6.7,6318
01/03/1978,1377.5,221792,11,6.2,6337
01/04/1978,1396.4,221991,10.8,6.1,6180
01/05/1978,1412,222176,10.3,5.7,6127
01/06/1978,1425.8,222379,10,6,6028
01/07/1978,1426.8,222585,10.9,5.8,6309
01/08/1978,1447,222805,10.5,5.8,6080
01/09/1978,1452.9,223053,10.6,5.6,6125
01/10/1978,1466.9,223271,10.7,5.9,5947
01/11/1978,1480.6,223477,10.5,5.5,6077
01/12/1978,1496.5,223670,10.4,5.6,6228
01/01/1979,1502.4,223865,11.1,5.9,6109
01/02/1979,1517.8,224053,11.1,5.9,6173
01/03/1979,1531.2,224235,11.2,5.9,6109
01/04/1979,1538.4,224438,11,5.4,6069
01/05/1979,1558.8,224632,10.3,5.6,5840
01/06/1979,1575.7,224843,9.9,5.6,5959
01/07/1979,1586.1,225055,10.6,5.9,5996
01/08/1979,1615.6,225295,9.7,4.8,6320
01/09/1979,1633.9,225547,9.4,5.5,6190
01/10/1979,1641.6,225801,9.7,5.5,6296
01/11/1979,1657.3,226027,9.7,5.3,6238
01/12/1979,1666.3,226243,10.1,5.7,6325
01/01/1980,1697.3,226451,9.9,5.3,6683
01/02/1980,1701.4,226656,10.1,5.8,6702
01/03/1980,1708.2,226849,10.2,6,6729
01/04/1980,1695.2,227061,11.3,5.8,7358
01/05/1980,1700.1,227251,11.4,5.7,7984
01/06/1980,1718.8,227522,11.2,6.4,8098
01/07/1980,1747.1,227726,11.3,7,8363
01/08/1980,1763.8,227953,11.3,7.5,8281
01/09/1980,1780.5,228186,11.7,7.7,8021
01/10/1980,1817.1,228417,11.3,7.5,8088
01/11/1980,1826.8,228612,11.6,7.7,8023
01/12/1980,1851.7,228779,11.4,7.5,7718
01/01/1981,1870,228937,10.9,7.4,8071
01/02/1981,1884.2,229071,10.8,7.1,8051
01/03/1981,1902.9,229224,10.8,7.1,7982
01/04/1981,1904.4,229403,10.9,7.4,7869
01/05/1981,1913.8,229575,11,6.9,8174
01/06/1981,1934.5,229761,10.8,6.6,8098
01/07/1981,1942.1,229966,12.3,7.1,7863
01/08/1981,1966.6,230187,12,7.2,8036
01/09/1981,1965.5,230412,12.4,6.8,8230
01/10/1981,1963.9,230641,13,6.8,8646
01/11/1981,1970.6,230822,13.2,6.9,9029
01/12/1981,1988.8,230989,12.5,6.9,9267
01/01/1982,1997.1,231157,12.7,7.1,9397
01/02/1982,2021.2,231313,12.1,7.5,9705
01/03/1982,2024.1,231470,12.2,7.7,9895
01/04/1982,2026.3,231645,12.9,8.1,10244
01/05/1982,2044.5,231809,12.3,8.5,10335
01/06/1982,2048.1,231992,12.3,9.5,10538
01/07/1982,2072.2,232188,12.5,8.5,10849
01/08/1982,2080.1,232392,12.6,8.7,10881
01/09/1982,2104.6,232599,11.8,9.5,11217
01/10/1982,2125.8,232816,11.3,9.7,11529
01/11/1982,2149.3,232993,10.9,10,11938
01/12/1982,2161.6,233160,10.9,10.2,12051
01/01/1983,2174,233322,11.1,11.1,11534
01/02/1983,2177,233473,11.1,9.8,11545
01/03/1983,2202.8,233613,10.6,10.4,11408
01/04/1983,2226.4,233781,10.3,10.9,11268
01/05/1983,2245.9,233922,9.9,12.3,11154
01/06/1983,2276,234118,9.1,11.3,11246
01/07/1983,2304.4,234307,9.6,10.1,10548
01/08/1983,2320.4,234501,9.2,9.3,10623
01/09/1983,2334.9,234701,9.6,9.3,10282
01/10/1983,2357.6,234907,9.7,9.4,9887
01/11/1983,2366.3,235078,10.3,9.3,9499
01/12/1983,2393.6,235235,10.1,8.7,9331
01/01/1984,2419.4,235385,10,9.1,9008
01/02/1984,2403.5,235527,11.7,8.3,8791
01/03/1984,2431.6,235675,11.5,8.3,8746
01/04/1984,2457.5,235839,11.5,8.2,8762
01/05/1984,2474.5,235993,11.1,9.1,8456
01/06/1984,2495.6,236160,11.1,7.5,8226
01/07/1984,2494.6,236348,11.6,7.5,8537
01/08/1984,2512.2,236549,11.8,7.3,8519
01/09/1984,2533.8,236760,11.8,7.6,8367
01/10/1984,2531.3,236976,11.7,7.2,8381
01/11/1984,2571.4,237159,10.9,7.2,8198
01/12/1984,2582.6,237316,11.2,7.3,8358
01/01/1985,2618.8,237468,10.3,6.8,8423
01/02/1985,2640.8,237602,9.1,7.1,8321
01/03/1985,2648.5,237732,8.7,7.1,8339
01/04/1985,2659.5,237900,9.9,6.9,8395
01/05/1985,2696.4,238074,11.1,6.9,8302
01/06/1985,2689.4,238270,9.6,6.6,8460
01/07/1985,2715.7,238466,9.1,6.9,8513
01/08/1985,2752.1,238679,8.2,7.1,8196
01/09/1985,2794.7,238898,7.3,6.9,8248
01/10/1985,2755.8,239113,9.1,7.1,8298
01/11/1985,2771.1,239307,9,7,8128
01/12/1985,2811.3,239477,8.6,6.8,8138
01/01/1986,2827.1,239638,8.6,6.7,7795
01/02/1986,2820.2,239788,9.3,6.9,8402
01/03/1986,2823.6,239928,9.9,6.8,8383
01/04/1986,2835.2,240094,9.7,6.7,8364
01/05/1986,2857.5,240271,9.3,6.8,8439
01/06/1986,2861.7,240459,9.4,7,8508
01/07/1986,2881.2,240651,9.3,6.9,8319
01/08/1986,2898.6,240854,9,7.1,8135
01/09/1986,2971.8,241068,7.2,7.4,8310
01/10/1986,2932.9,241274,8.4,7,8243
01/11/1986,2928.4,241467,8.8,7.1,8159
01/12/1986,2997.1,241620,7,7.1,7883
01/01/1987,2935.5,241784,9.7,6.9,7892
01/02/1987,3001.7,241930,8.5,6.6,7865
01/03/1987,3013.3,242079,8.5,6.6,7862
01/04/1987,3038.8,242252,4.5,7.1,7542
01/05/1987,3048.4,242423,8.2,6.6,7574
01/06/1987,3072.8,242608,7.7,6.5,7398
01/07/1987,3094.7,242804,7.5,6.5,7268
01/08/1987,3130.8,243012,7.2,6.4,7261
01/09/1987,3126.5,243223,7.6,6,7102
01/10/1987,3134.5,243446,8.3,6.3,7227
01/11/1987,3144.2,243639,8.5,6.2,7035
01/12/1987,3174.1,243809,8.7,6,6936
01/01/1988,3213.7,243981,8.1,6.2,6953
01/02/1988,3221.4,244131,8.6,6.3,6929
01/03/1988,3260.5,244279,8.2,6.4,6876
01/04/1988,3263,244445,8.8,5.9,6601
01/05/1988,3293.6,244610,8.4,5.9,6779
01/06/1988,3318.5,244806,8.4,5.8,6546
01/07/1988,3342.7,245021,8.6,6.1,6605
01/08/1988,3368,245240,8.4,5.9,6843
01/09/1988,3375,245464,8.9,5.7,6604
01/10/1988,3413.7,245693,8.6,5.6,6568
01/11/1988,3430.2,245884,8.4,5.7,6537
01/12/1988,3459.7,246056,8.3,5.9,6518
01/01/1989,3483.7,246224,8.5,5.6,6682
01/02/1989,3488,246378,9,5.4,6359
01/03/1989,3498.8,246530,9.5,5.4,6205
01/04/1989,3543,246721,8.4,5.4,6468
01/05/1989,3551.8,246906,8.1,5.3,6375
01/06/1989,3566.6,247114,8.2,5.4,6577
01/07/1989,3585.7,247342,8.2,5.6,6495
01/08/1989,3620.6,247573,7.6,5,6511
01/09/1989,3621.9,247816,8.1,4.9,6590
01/10/1989,3633.6,248067,8.5,4.9,6630
01/11/1989,3643.3,248281,8.6,4.8,6725
01/12/1989,3684.2,248479,7.8,4.9,6667
01/01/1990,3730.7,248659,8,5.1,6752
01/02/1990,3728.2,248827,8.6,5.3,6651
01/03/1990,3754.9,249012,8.3,5.1,6598
01/04/1990,3770,249306,8.8,4.8,6797
01/05/1990,3775.8,249565,8.7,5.2,6742
01/06/1990,3804.5,249849,8.6,5.2,6590
01/07/1990,3821.7,250132,8.7,5.4,6922
01/08/1990,3848.3,250439,8.1,5.4,7188
01/09/1990,3870.1,250751,8.1,5.6,7368
01/10/1990,3870.6,251057,7.8,5.8,7459
01/11/1990,3871.9,251346,7.9,5.7,7764
01/12/1990,3861.3,251626,8.8,5.9,7901
01/01/1991,3841,251889,9.3,6,8015
01/02/1991,3866.7,252135,8.8,6.2,8265
01/03/1991,3913,252372,8,6.7,8586
01/04/1991,3907.1,252643,8.6,6.6,8439
01/05/1991,3933.2,252913,8.4,6.4,8736
01/06/1991,3940.5,253207,8.9,6.9,8692
01/07/1991,3966,253493,8.2,7,8586
01/08/1991,3969.1,253807,8.6,7.3,8666
01/09/1991,3984.7,254126,8.8,6.8,8722
01/10/1991,3976,254435,9.3,7.2,8842
01/11/1991,4003.6,254718,9,7.5,8931
01/12/1991,4020.5,254964,9.7,7.8,9198
01/01/1992,4084.7,255214,9.4,8.1,9283
01/02/1992,4099.5,255448,9.8,8.2,9454
01/03/1992,4117,255703,9.7,8.3,9460
01/04/1992,4131.5,255992,9.9,8.5,9415
01/05/1992,4158.4,256285,9.9,8.8,9744
01/06/1992,4177.1,256589,10.1,8.7,10040
01/07/1992,4204.8,256894,9.6,8.6,9850
01/08/1992,4220.9,257232,9.7,8.8,9787
01/09/1992,4255.3,257548,8.7,8.6,9781
01/10/1992,4284.7,257861,8,9,9398
01/11/1992,4300.5,258147,8,9,9565
01/12/1992,4336.4,258413,10.6,9.3,9557
01/01/1993,4340.7,258679,8.6,8.6,9325
01/02/1993,4355.3,258919,8.9,8.5,9183
01/03/1993,4352.5,259152,8.9,8.5,9056
01/04/1993,4393.4,259414,8.7,8.4,9110
01/05/1993,4422.4,259680,8.3,8.1,9149
01/06/1993,4440,259963,7.8,8.3,9121
01/07/1993,4468.9,260255,7.6,8.2,8930
01/08/1993,4481.1,260566,7.7,8.2,8763
01/09/1993,4511.5,260867,6.9,8.3,8714
01/10/1993,4532.8,261163,6.3,8,8750
01/11/1993,4554.1,261425,6.3,8.3,8542
01/12/1993,4571.1,261674,9.1,8.3,8477
01/01/1994,4585.1,261919,7.1,8.6,8630
01/02/1994,4632.6,262123,6.5,9.2,8583
01/03/1994,4646,262352,6.8,9.3,8470
01/04/1994,4671.1,262631,6.4,9.1,8331
01/05/1994,4669.5,262877,7.6,9.2,7915
01/06/1994,4708.9,263152,6.9,9.3,7927
01/07/1994,4720.6,263436,7,9,7946
01/08/1994,4762.6,263724,6.5,8.9,7933
01/09/1994,4775,264017,6.8,9.2,7734
01/10/1994,4812.9,264301,7.1,10,7632
01/11/1994,4825.6,264559,7,9,7375
01/12/1994,4841.6,264804,7.2,8.7,7230
01/01/1995,4851.2,265044,7.5,8,7375
01/02/1995,4850.8,265270,7.8,8.1,7187
01/03/1995,4885.4,265495,7.5,8.3,7153
01/04/1995,4890.2,265755,6.9,8.3,7645
01/05/1995,4933.1,265998,7.1,9.1,7430
01/06/1995,4977.5,266270,6.7,7.9,7427
01/07/1995,4970.2,266557,7.1,8.5,7527
01/08/1995,5005.3,266843,6.7,8.3,7484
01/09/1995,5020.5,267152,6.8,7.9,7478
01/10/1995,5013.9,267456,7.1,8.2,7328
01/11/1995,5055.6,267715,6.6,8,7426
01/12/1995,5097.5,267943,6.1,8.3,7423
01/01/1996,5085.7,268151,6.7,8.3,7491
01/02/1996,5132.8,268364,6.7,7.8,7313
01/03/1996,5173.3,268595,6.6,8.3,7318
01/04/1996,5208,268853,5.7,8.6,7415
01/05/1996,5223.8,269108,6.7,8.6,7423
01/06/1996,5229.8,269386,7.1,8.3,7095
01/07/1996,5251.9,269667,6.7,8.3,7337
01/08/1996,5275,269976,6.6,8.4,6882
01/09/1996,5296.6,270284,6.7,8.5,6979
01/10/1996,5328.5,270581,6.4,8.3,7031
01/11/1996,5351.2,270878,6.4,7.7,7236
01/12/1996,5378.6,271125,6.4,7.8,7253
01/01/1997,5411.1,271360,6.2,7.8,7158
01/02/1997,5434,271585,6.2,8.1,7102
01/03/1997,5454.2,271821,6.4,7.9,7000
01/04/1997,5459.3,272083,6.5,8.3,6873
01/05/1997,5460.2,272342,6.8,8,6655
01/06/1997,5494.2,272622,6.6,8,6799
01/07/1997,5548.8,272912,6.1,8.3,6655
01/08/1997,5587,273237,6,7.8,6608
01/09/1997,5601.7,273553,6.2,8.2,6656
01/10/1997,5637.7,273852,6.2,7.7,6454
01/11/1997,5661.1,274126,6.4,7.6,6308
01/12/1997,5692.1,274372,6.4,7.5,6476
01/01/1998,5689.9,274626,7.4,7.4,6368
01/02/1998,5723.8,274838,7.4,7,6306
01/03/1998,5750.3,275047,7.5,6.8,6422
01/04/1998,5788.1,275304,7.2,6.7,5941
01/05/1998,5837.9,275564,6.9,6,6047
01/06/1998,5871.7,275836,6.8,6.9,6212
01/07/1998,5890,276115,6.9,6.7,6259
01/08/1998,5925,276418,6.8,6.8,6179
01/09/1998,5965.6,276714,6.4,6.7,6300
01/10/1998,5998.8,277003,6.2,5.8,6280
01/11/1998,6015.4,277277,6.3,6.6,6100
01/12/1998,6070.5,277526,5.8,6.8,6032
01/01/1999,6072.9,277790,6.4,6.9,5976
01/02/1999,6101.8,277992,6.2,6.8,6111
01/03/1999,6132.9,278198,5.9,6.8,5783
01/04/1999,6196.2,278451,5.2,6.2,6004
01/05/1999,6225.7,278717,4.9,6.5,5796
01/06/1999,6254,279001,4.8,6.3,5951
01/07/1999,6281.5,279295,4.8,5.8,6025
01/08/1999,6326.5,279602,4.7,6.5,5838
01/09/1999,6378.8,279903,4.2,6,5915
01/10/1999,6402.1,280203,4.6,6.1,5778
01/11/1999,6437.9,280471,4.8,6.2,5716
01/12/1999,6538.7,280716,4.4,5.8,5653
01/01/2000,6535.3,280976,5.4,5.8,5708
01/02/2000,6619.7,281190,4.8,6.1,5858
01/03/2000,6685.8,281409,4.5,6,5733
01/04/2000,6671.1,281653,5,6.1,5481
01/05/2000,6707.6,281877,4.9,5.8,5758
01/06/2000,6743.9,282126,4.9,5.7,5651
01/07/2000,6764.1,282385,5.2,6,5747
01/08/2000,6799.1,282653,5.2,6.3,5853
01/09/2000,6882.9,282932,4.5,5.2,5625
01/10/2000,6888.2,283201,4.6,6.1,5534
01/11/2000,6902.4,283453,4.5,6.1,5639
01/12/2000,6945.7,283696,4.2,6,5634
01/01/2001,6977,283920,4.8,5.8,6023
01/02/2001,6995.8,284137,4.9,6.1,6089
01/03/2001,6987.9,284350,5.3,6.6,6141
01/04/2001,7001.2,284581,5,5.9,6271
01/05/2001,7047.1,284810,4.5,6.3,6226
01/06/2001,7060.7,285062,4.5,6,6484
01/07/2001,7072.2,285309,5.6,6.8,6583
01/08/2001,7108.9,285570,6.8,6.9,7042
01/09/2001,7012.8,285843,7,7.2,7142
01/10/2001,7208.4,286098,3.4,7.3,7694
01/11/2001,7167.9,286341,4.1,7.7,8003
01/12/2001,7147.7,286570,4.5,8.2,8258
01/01/2002,7174.3,286788,6.1,8.4,8182
01/02/2002,7218.3,286994,5.8,8.3,8215
01/03/2002,7237.2,287190,5.9,8.4,8304
01/04/2002,7305.4,287397,5.8,8.9,8599
01/05/2002,7282.7,287623,6.5,9.5,8399
01/06/2002,7318.2,287864,6.4,11,8393
01/07/2002,7380.4,288105,5.5,8.9,8390
01/08/2002,7401.5,288360,5.4,9,8304
01/09/2002,7391,288618,5.7,9.5,8251
01/10/2002,7430.7,288870,5.7,9.6,8307
01/11/2002,7459.7,289106,5.7,9.3,8520
01/12/2002,7512.8,289313,5.5,9.6,8640
01/01/2003,7533.1,289518,5.5,9.6,8520
01/02/2003,7535.9,289714,5.6,9.5,8618
01/03/2003,7598.4,289911,5.3,9.7,8588
01/04/2003,7621,290125,5.3,10.2,8842
01/05/2003,7628.1,290346,5.8,9.9,8957
01/06/2003,7678.6,290584,5.6,11.5,9266
01/07/2003,7738.2,290820,6.3,10.3,9011
01/08/2003,7834.5,291072,6,10.1,8896
01/09/2003,7835,291321,5.2,10.2,8921
01/10/2003,7845.7,291574,5.3,10.4,8732
01/11/2003,7899.6,291807,5.4,10.3,8576
01/12/2003,7929.2,292008,5.4,10.4,8317
01/01/2004,7987.4,292192,5,10.6,8370
01/02/2004,8019.8,292368,5,10.2,8167
01/03/2004,8076,292561,4.9,10.2,8491
01/04/2004,8088.6,292779,5.3,9.5,8170
01/05/2004,8163.2,292997,5.3,9.9,8212
01/06/2004,8147.2,293223,5.8,11,8286
01/07/2004,8218.9,293463,5.3,8.9,8136
01/08/2004,8253.1,293719,5.2,9.2,7990
01/09/2004,8321.1,293971,4.6,9.6,7927
01/10/2004,8374.6,294230,4.5,9.5,8061
01/11/2004,8420.6,294466,4.1,9.7,7932
01/12/2004,8481.5,294694,6.9,9.5,7934
01/01/2005,8470.2,294914,3.7,9.4,7784
01/02/2005,8529.2,295105,3.4,9.2,7980
01/03/2005,8569.5,295287,3.6,9.3,7737
01/04/2005,8645.6,295490,3.1,9,7672
01/05/2005,8643.9,295704,3.5,9.1,7651
01/06/2005,8724.8,295936,2.9,9,7524
01/07/2005,8829.5,296186,2.2,8.8,7406
01/08/2005,8832.4,296440,2.7,9.2,7345
01/09/2005,8885.8,296707,2.7,8.4,7553
01/10/2005,8926.6,296972,3.1,8.6,7453
01/11/2005,8938.5,297207,3.5,8.5,7566
01/12/2005,8969.6,297431,3.7,8.7,7279
01/01/2006,9059.8,297647,4.2,8.6,7064
01/02/2006,9090.1,297854,4.2,9.1,7184
01/03/2006,9122.1,298060,4.2,8.7,7072
01/04/2006,9174.8,298281,4,8.4,7120
01/05/2006,9215.1,298496,3.8,8.5,6980
01/06/2006,9240.8,298739,4,7.3,7001
01/07/2006,9322.6,298996,3.4,8,7175
01/08/2006,9321.8,299263,3.6,8.4,7091
01/09/2006,9354.7,299554,3.6,8,6847
01/10/2006,9373.2,299835,3.6,7.9,6727
01/11/2006,9380.2,300094,3.9,8.3,6872
01/12/2006,9469,300340,3.7,7.5,6762
01/01/2007,9516.3,300574,3.7,8.3,7116
01/02/2007,9546.8,300802,4.1,8.5,6927
01/03/2007,9585.1,301021,4.4,9.1,6731
01/04/2007,9615.7,301254,4.2,8.6,6850
01/05/2007,9651.3,301483,4,8.2,6766
01/06/2007,9667.3,301739,3.8,7.7,6979
01/07/2007,9709.6,302004,3.7,8.7,7149
01/08/2007,9753.9,302267,3.4,8.8,7067
01/09/2007,9797.9,302546,3.5,8.7,7170
01/10/2007,9827,302807,3.4,8.4,7237
01/11/2007,9897.8,303054,3.1,8.6,7240
01/12/2007,9908.4,303287,3.6,8.4,7645
01/01/2008,9930,303506,3.7,9,7685
01/02/2008,9913.4,303711,4.1,8.7,7497
01/03/2008,9959.4,303907,4,8.7,7822
01/04/2008,9996.8,304117,3.4,9.4,7637
01/05/2008,10053.8,304323,7.8,7.9,8395
01/06/2008,10107.9,304556,5.5,9,8575
01/07/2008,10104.7,304798,4.4,9.7,8937
01/08/2008,10094.7,305045,3.8,9.7,9438
01/09/2008,10043.5,305309,4.7,10.2,9494
01/10/2008,9960.3,305554,5.5,10.4,10074
01/11/2008,9820.8,305786,6.4,9.8,10538
01/12/2008,9730.7,306004,6.4,10.5,11286
01/01/2009,9783.8,306208,6.2,10.7,12058
01/02/2009,9766,306402,5.5,11.7,12898
01/03/2009,9718.5,306588,5.9,12.3,13426
01/04/2009,9724.8,306787,6.8,13.1,13853
01/05/2009,9748.9,306984,8.2,14.2,14499
01/06/2009,9806.9,307206,6.7,17.2,14707
01/07/2009,9841.7,307439,6,16,14601
01/08/2009,9961,307685,4.9,16.3,14814
01/09/2009,9883.4,307946,5.9,17.8,15009
01/10/2009,9931.9,308189,5.4,18.9,15352
01/11/2009,9940.5,308418,5.9,19.8,15219
01/12/2009,9998.9,308633,5.9,20.1,15098
01/01/2010,10001.8,308833,6.1,20,15046
01/02/2010,10030.6,309027,5.8,19.9,15113
01/03/2010,10089.1,309212,5.7,20.4,15202
01/04/2010,10112.9,309191.211,6.4,22.1,15325
01/05/2010,10131,309369.053,7,22.3,14849
01/06/2010,10151.4,309548.502,6.9,25.2,14474
01/07/2010,10184.7,309745.698,6.8,22.3,14512
01/08/2010,10228.2,309957.775,6.9,21,14648
01/09/2010,10249,310176.466,6.7,20.3,14579
01/10/2010,10304.7,310399.958,6.6,21.2,14516
01/11/2010,10354.7,310595.764,6.6,21,15081
01/12/2010,10392.1,310781.705,7.1,21.9,14348
01/01/2011,10435.5,310960.74,7.4,21.5,14013
01/02/2011,10470.1,311113.376,7.6,21.1,13820
01/03/2011,10550.5,311265.404,7,21.5,13737
01/04/2011,10587.6,311436.238,6.9,20.9,13957
01/05/2011,10612,311607.08,6.9,21.6,13855
01/06/2011,10636.8,311791.223,7.2,22.4,13962
01/07/2011,10677.5,311997.049,7.3,22,13763
01/08/2011,10700.6,312205.367,7.2,22.4,13818
01/09/2011,10738.1,312429.118,6.8,22,13948
01/10/2011,10753.1,312644.159,6.8,20.6,13594
01/11/2011,10759.5,312829.523,7,20.8,13302
01/12/2011,10772.2,313009.712,7.8,20.5,13093
01/01/2012,10862.1,313183.179,8,20.8,12797
01/02/2012,10953.5,313338.977,8,19.7,12813
01/03/2012,10951.8,313499.369,8.5,19.2,12713
01/04/2012,10979.7,313667.127,8.7,19.1,12646
01/05/2012,10968.6,313830.53,8.8,19.9,12660
01/06/2012,10946.3,314017.594,9.1,20.4,12692
01/07/2012,10977.2,314210.786,8.2,17.5,12656
01/08/2012,11004.1,314422.341,8,18.4,12471
01/09/2012,11061.5,314646.749,8.2,18.8,12115
01/10/2012,11099.8,314853.978,8.8,19.9,12124
01/11/2012,11136.8,315053.863,9.7,18.6,12005
01/12/2012,11140.5,315232.752,12,17.7,12298
01/01/2013,11202.8,315389.595,6.3,15.8,12471
01/02/2013,11239.6,315520.143,5.8,17.2,11950
01/03/2013,11227.1,315662.224,5.9,17.6,11689
01/04/2013,11205.4,315817.855,6.4,17.1,11760
01/05/2013,11244.6,315983.654,6.7,17.1,11654
01/06/2013,11268.8,316171.042,6.8,17,11751
01/07/2013,11296.7,316358.778,6.6,16.2,11335
01/08/2013,11329.2,316580.327,6.7,16.5,11279
01/09/2013,11366.9,316806.125,6.8,16.5,11270
01/10/2013,11419.8,317022.27,6.3,16.3,11136
01/11/2013,11487.6,317228.026,6.2,17.1,10787
01/12/2013,11517.9,317411.551,6.4,17.3,10404
01/01/2014,11512.5,317593.923,7.1,15.4,10202
01/02/2014,11566.2,317753.883,7.3,15.9,10349
01/03/2014,11643,317917.203,7.4,15.8,10380
01/04/2014,11702.6,318089.218,7.4,15.7,9702
01/05/2014,11748.4,318269.505,7.4,14.6,9859
01/06/2014,11817,318464.152,7.4,13.8,9460
01/07/2014,11860.5,318662.368,7.5,13.1,9608
01/08/2014,11944.3,318893.786,7.2,12.9,9599
01/09/2014,11957.4,319125.296,7.4,13.4,9262
01/10/2014,12023,319353.734,7.2,13.6,8990
01/11/2014,12051.4,319564.209,7.3,13,9090
01/12/2014,12062,319746.157,7.6,12.9,8717
01/01/2015,12046,319928.646,7.7,13.2,8903
01/02/2015,12082.4,320074.511,7.9,12.9,8610
01/03/2015,12158.3,320230.786,7.4,12,8504
01/04/2015,12193.8,320402.295,7.6,11.5,8526
